<?xml version="1.0" encoding="UTF-8"?>
<module>
  <exporttime>2020-02-11 16:17:27</exporttime>
  <name>Customers</name>
  <label>Customers</label>
  <parent>Sales</parent>
  <dependencies>
    <vtiger_version>7.1.0</vtiger_version>
  </dependencies>
  <license>
    <inline><![CDATA[Dev by Neftalí Yagua for Nodexum SAS. Learn more in official website.]]></inline>
  </license>
  <tables>
    <table>
      <name>vtiger_customers</name>
      <sql><![CDATA[CREATE TABLE `vtiger_customers` (`customersid` int(11) NOT NULL, `customersno` varchar(100) default NULL, `customers_tks_identification` int(11) default NULL ,`customers_tks_digito` int(1) default NULL ,`customers_tks_organizationtype` varchar(5) default NULL ,`customers_tks_identificationty` varchar(11) default NULL ,`customers_tks_languagecode` varchar(2) default NULL ,`customers_tks_municipality` varchar(5) default NULL ,`customers_tks_regimetype` varchar(11) default NULL ,`customers_tks_taxcode` varchar(11) default NULL ,`customers_tks_liabilitytype` varchar(11) default NULL ,`customers_tks_name` varchar(64) default NULL ,`customers_tks_phone` int(11) default NULL ,`customers_tks_address` varchar(255) default NULL ,`customers_tks_email` varchar(64) default NULL ,`customers_tks_merchantregistra` varchar(255) default NULL   , PRIMARY KEY (`customersid`) ) ENGINE=InnoDB DEFAULT CHARSET=utf8]]></sql>
    </table>
    <table>
      <name>vtiger_customerscf</name>
      <sql><![CDATA[CREATE TABLE `vtiger_customerscf` (`customersid` int(11) NOT NULL, PRIMARY KEY (`customersid`) ) ENGINE=InnoDB DEFAULT CHARSET=utf8]]></sql>
    </table>
    <table>
      <name>vtiger_customers_user_field</name>
      <sql><![CDATA[CREATE TABLE `vtiger_customers_user_field` (`recordid` int(25) NOT NULL, `userid` int(25) NOT NULL, `starred` varchar(100) default NULL , KEY (`vtiger_customers_user_field`) ) ENGINE=InnoDB DEFAULT CHARSET=utf8]]></sql>
    </table>
  </tables>
  <blocks>
    <block>
      <label>CUSTOMERS</label>
      <fields>
        <field>
          <fieldname>customersno</fieldname>
          <uitype>4</uitype>
          <columnname>customersno</columnname>
          <tablename>vtiger_customers</tablename>
          <generatedtype>1</generatedtype>
          <fieldlabel>Customers No</fieldlabel>
          <readonly>1</readonly>
          <presence>2</presence>
          <defaultvalue></defaultvalue>
          <sequence>0</sequence>
          <maximumlength>100</maximumlength>
          <typeofdata>V~M</typeofdata>
          <quickcreate>1</quickcreate>
          <quickcreatesequence></quickcreatesequence>
          <displaytype>1</displaytype>
          <info_type>BAS</info_type>
          <helpinfo><![CDATA[]]></helpinfo>
          <masseditable>1</masseditable>
        </field>
        <field>
          <fieldname>customers_tks_identification</fieldname>
          <uitype>1</uitype>
          <columnname>customers_tks_identification</columnname>
          <tablename>vtiger_customers</tablename>
          <generatedtype>1</generatedtype>
          <fieldlabel>Identification</fieldlabel>
          <readonly>1</readonly>
          <presence>2</presence>
          <defaultvalue></defaultvalue>
          <sequence>1</sequence>
          <maximumlength>11</maximumlength>
          <typeofdata>I~M</typeofdata>
          <quickcreate>2</quickcreate>
          <quickcreatesequence></quickcreatesequence>
          <displaytype>1</displaytype>
          <info_type>BAS</info_type>
          <helpinfo><![CDATA[]]></helpinfo>
          <masseditable>0</masseditable>
        </field>
        <field>
          <fieldname>customers_tks_digito</fieldname>
          <uitype>1</uitype>
          <columnname>customers_tks_digito</columnname>
          <tablename>vtiger_customers</tablename>
          <generatedtype>1</generatedtype>
          <fieldlabel>Digito</fieldlabel>
          <readonly>1</readonly>
          <presence>2</presence>
          <defaultvalue></defaultvalue>
          <sequence>2</sequence>
          <maximumlength>1</maximumlength>
          <typeofdata>I~O</typeofdata>
          <quickcreate>1</quickcreate>
          <quickcreatesequence></quickcreatesequence>
          <displaytype>1</displaytype>
          <info_type>BAS</info_type>
          <helpinfo><![CDATA[]]></helpinfo>
          <masseditable>0</masseditable>
        </field>
        <field>
          <fieldname>customers_tks_organizationtype</fieldname>
          <uitype>2</uitype>
          <columnname>customers_tks_organizationtype</columnname>
          <tablename>vtiger_customers</tablename>
          <generatedtype>1</generatedtype>
          <fieldlabel>Organization Type</fieldlabel>
          <readonly>1</readonly>
          <presence>2</presence>
          <defaultvalue></defaultvalue>
          <sequence>3</sequence>
          <maximumlength>5</maximumlength>
          <typeofdata>V~M</typeofdata>
          <quickcreate>2</quickcreate>
          <quickcreatesequence></quickcreatesequence>
          <displaytype>1</displaytype>
          <info_type>BAS</info_type>
          <helpinfo><![CDATA[]]></helpinfo>
          <masseditable>0</masseditable>
        </field>
        <field>
          <fieldname>customers_tks_identificationty</fieldname>
          <uitype>2</uitype>
          <columnname>customers_tks_identificationty</columnname>
          <tablename>vtiger_customers</tablename>
          <generatedtype>1</generatedtype>
          <fieldlabel>Identification Type</fieldlabel>
          <readonly>1</readonly>
          <presence>2</presence>
          <defaultvalue></defaultvalue>
          <sequence>4</sequence>
          <maximumlength>11</maximumlength>
          <typeofdata>V~M</typeofdata>
          <quickcreate>2</quickcreate>
          <quickcreatesequence></quickcreatesequence>
          <displaytype>1</displaytype>
          <info_type>BAS</info_type>
          <helpinfo><![CDATA[]]></helpinfo>
          <masseditable>0</masseditable>
        </field>
        <field>
          <fieldname>customers_tks_languagecode</fieldname>
          <uitype>2</uitype>
          <columnname>customers_tks_languagecode</columnname>
          <tablename>vtiger_customers</tablename>
          <generatedtype>1</generatedtype>
          <fieldlabel>Language Code</fieldlabel>
          <readonly>1</readonly>
          <presence>2</presence>
          <defaultvalue></defaultvalue>
          <sequence>5</sequence>
          <maximumlength>2</maximumlength>
          <typeofdata>V~M</typeofdata>
          <quickcreate>2</quickcreate>
          <quickcreatesequence></quickcreatesequence>
          <displaytype>1</displaytype>
          <info_type>BAS</info_type>
          <helpinfo><![CDATA[]]></helpinfo>
          <masseditable>0</masseditable>
        </field>
        <field>
          <fieldname>customers_tks_municipality</fieldname>
          <uitype>2</uitype>
          <columnname>customers_tks_municipality</columnname>
          <tablename>vtiger_customers</tablename>
          <generatedtype>1</generatedtype>
          <fieldlabel>Municipality</fieldlabel>
          <readonly>1</readonly>
          <presence>2</presence>
          <defaultvalue></defaultvalue>
          <sequence>6</sequence>
          <maximumlength>5</maximumlength>
          <typeofdata>V~O</typeofdata>
          <quickcreate>1</quickcreate>
          <quickcreatesequence></quickcreatesequence>
          <displaytype>1</displaytype>
          <info_type>BAS</info_type>
          <helpinfo><![CDATA[]]></helpinfo>
          <masseditable>0</masseditable>
        </field>
        <field>
          <fieldname>customers_tks_regimetype</fieldname>
          <uitype>2</uitype>
          <columnname>customers_tks_regimetype</columnname>
          <tablename>vtiger_customers</tablename>
          <generatedtype>1</generatedtype>
          <fieldlabel>Regime Type</fieldlabel>
          <readonly>1</readonly>
          <presence>2</presence>
          <defaultvalue></defaultvalue>
          <sequence>7</sequence>
          <maximumlength>11</maximumlength>
          <typeofdata>V~M</typeofdata>
          <quickcreate>2</quickcreate>
          <quickcreatesequence></quickcreatesequence>
          <displaytype>1</displaytype>
          <info_type>BAS</info_type>
          <helpinfo><![CDATA[]]></helpinfo>
          <masseditable>0</masseditable>
        </field>
        <field>
          <fieldname>customers_tks_taxcode</fieldname>
          <uitype>2</uitype>
          <columnname>customers_tks_taxcode</columnname>
          <tablename>vtiger_customers</tablename>
          <generatedtype>1</generatedtype>
          <fieldlabel>Tax Code</fieldlabel>
          <readonly>1</readonly>
          <presence>2</presence>
          <defaultvalue></defaultvalue>
          <sequence>8</sequence>
          <maximumlength>11</maximumlength>
          <typeofdata>V~M</typeofdata>
          <quickcreate>2</quickcreate>
          <quickcreatesequence></quickcreatesequence>
          <displaytype>1</displaytype>
          <info_type>BAS</info_type>
          <helpinfo><![CDATA[]]></helpinfo>
          <masseditable>0</masseditable>
        </field>
        <field>
          <fieldname>customers_tks_liabilitytype</fieldname>
          <uitype>2</uitype>
          <columnname>customers_tks_liabilitytype</columnname>
          <tablename>vtiger_customers</tablename>
          <generatedtype>1</generatedtype>
          <fieldlabel>Liability Type</fieldlabel>
          <readonly>1</readonly>
          <presence>2</presence>
          <defaultvalue></defaultvalue>
          <sequence>9</sequence>
          <maximumlength>11</maximumlength>
          <typeofdata>V~M</typeofdata>
          <quickcreate>2</quickcreate>
          <quickcreatesequence></quickcreatesequence>
          <displaytype>1</displaytype>
          <info_type>BAS</info_type>
          <helpinfo><![CDATA[]]></helpinfo>
          <masseditable>0</masseditable>
        </field>
        <field>
          <fieldname>customers_tks_name</fieldname>
          <uitype>2</uitype>
          <columnname>customers_tks_name</columnname>
          <tablename>vtiger_customers</tablename>
          <generatedtype>1</generatedtype>
          <fieldlabel>Name</fieldlabel>
          <readonly>1</readonly>
          <presence>2</presence>
          <defaultvalue></defaultvalue>
          <sequence>10</sequence>
          <maximumlength>64</maximumlength>
          <typeofdata>V~M</typeofdata>
          <quickcreate>2</quickcreate>
          <quickcreatesequence></quickcreatesequence>
          <displaytype>1</displaytype>
          <info_type>BAS</info_type>
          <helpinfo><![CDATA[]]></helpinfo>
          <masseditable>0</masseditable>
        </field>
        <field>
          <fieldname>customers_tks_phone</fieldname>
          <uitype>1</uitype>
          <columnname>customers_tks_phone</columnname>
          <tablename>vtiger_customers</tablename>
          <generatedtype>1</generatedtype>
          <fieldlabel>Phone</fieldlabel>
          <readonly>1</readonly>
          <presence>2</presence>
          <defaultvalue></defaultvalue>
          <sequence>11</sequence>
          <maximumlength>11</maximumlength>
          <typeofdata>I~M</typeofdata>
          <quickcreate>2</quickcreate>
          <quickcreatesequence></quickcreatesequence>
          <displaytype>1</displaytype>
          <info_type>BAS</info_type>
          <helpinfo><![CDATA[]]></helpinfo>
          <masseditable>0</masseditable>
        </field>
        <field>
          <fieldname>customers_tks_address</fieldname>
          <uitype>2</uitype>
          <columnname>customers_tks_address</columnname>
          <tablename>vtiger_customers</tablename>
          <generatedtype>1</generatedtype>
          <fieldlabel>Address</fieldlabel>
          <readonly>1</readonly>
          <presence>2</presence>
          <defaultvalue></defaultvalue>
          <sequence>12</sequence>
          <maximumlength>255</maximumlength>
          <typeofdata>V~M</typeofdata>
          <quickcreate>2</quickcreate>
          <quickcreatesequence></quickcreatesequence>
          <displaytype>1</displaytype>
          <info_type>BAS</info_type>
          <helpinfo><![CDATA[]]></helpinfo>
          <masseditable>0</masseditable>
        </field>
        <field>
          <fieldname>customers_tks_email</fieldname>
          <uitype>2</uitype>
          <columnname>customers_tks_email</columnname>
          <tablename>vtiger_customers</tablename>
          <generatedtype>1</generatedtype>
          <fieldlabel>Email</fieldlabel>
          <readonly>1</readonly>
          <presence>2</presence>
          <defaultvalue></defaultvalue>
          <sequence>13</sequence>
          <maximumlength>64</maximumlength>
          <typeofdata>V~M</typeofdata>
          <quickcreate>2</quickcreate>
          <quickcreatesequence></quickcreatesequence>
          <displaytype>1</displaytype>
          <info_type>BAS</info_type>
          <helpinfo><![CDATA[]]></helpinfo>
          <masseditable>0</masseditable>
        </field>
        <field>
          <fieldname>customers_tks_merchantregistra</fieldname>
          <uitype>2</uitype>
          <columnname>customers_tks_merchantregistra</columnname>
          <tablename>vtiger_customers</tablename>
          <generatedtype>1</generatedtype>
          <fieldlabel>Merchant Registration</fieldlabel>
          <readonly>1</readonly>
          <presence>2</presence>
          <defaultvalue></defaultvalue>
          <sequence>14</sequence>
          <maximumlength>255</maximumlength>
          <typeofdata>V~M</typeofdata>
          <quickcreate>2</quickcreate>
          <quickcreatesequence></quickcreatesequence>
          <displaytype>1</displaytype>
          <info_type>BAS</info_type>
          <helpinfo><![CDATA[]]></helpinfo>
          <masseditable>0</masseditable>
        </field>
        <field>
          <fieldname>assigned_user_id</fieldname>
          <uitype>53</uitype>
          <columnname>smownerid</columnname>
          <tablename>vtiger_crmentity</tablename>
          <generatedtype>1</generatedtype>
          <fieldlabel>Assigned To</fieldlabel>
          <readonly>1</readonly>
          <presence>2</presence>
          <defaultvalue></defaultvalue>
          <sequence>16</sequence>
          <maximumlength>100</maximumlength>
          <typeofdata>V~M</typeofdata>
          <quickcreate>1</quickcreate>
          <quickcreatesequence></quickcreatesequence>
          <displaytype>1</displaytype>
          <info_type>BAS</info_type>
          <masseditable>1</masseditable>
        </field>
        <field>
          <fieldname>createdtime</fieldname>
          <uitype>70</uitype>
          <columnname>createdtime</columnname>
          <tablename>vtiger_crmentity</tablename>
          <generatedtype>1</generatedtype>
          <fieldlabel>Created Time</fieldlabel>
          <readonly>1</readonly>
          <presence>2</presence>
          <defaultvalue></defaultvalue>
          <sequence>17</sequence>
          <maximumlength>100</maximumlength>
          <typeofdata>T~O</typeofdata>
          <quickcreate>1</quickcreate>
          <quickcreatesequence></quickcreatesequence>
          <displaytype>2</displaytype>
          <info_type>BAS</info_type>
          <masseditable>1</masseditable>
        </field>
        <field>
          <fieldname>modifiedtime</fieldname>
          <uitype>70</uitype>
          <columnname>modifiedtime</columnname>
          <tablename>vtiger_crmentity</tablename>
          <generatedtype>1</generatedtype>
          <fieldlabel>Modified Time</fieldlabel>
          <readonly>1</readonly>
          <presence>2</presence>
          <defaultvalue></defaultvalue>
          <sequence>18</sequence>
          <maximumlength>100</maximumlength>
          <typeofdata>T~O</typeofdata>
          <quickcreate>1</quickcreate>
          <quickcreatesequence></quickcreatesequence>
          <displaytype>2</displaytype>
          <info_type>BAS</info_type>
          <masseditable>1</masseditable>
        </field>
      </fields>
    </block>
  </blocks>
  <customviews>
    <customview>
      <viewname>All</viewname>
      <setdefault>false</setdefault>
      <setmetrics>false</setmetrics>
      <fields>
        <field>
          <fieldname>customersno</fieldname>
          <columnindex>1</columnindex>
        </field>
        <field>
          <fieldname>customers_tks_identification</fieldname>
          <columnindex>2</columnindex>
        </field>
        <field>
          <fieldname>customers_tks_identificationty</fieldname>
          <columnindex>3</columnindex>
        </field>
        <field>
          <fieldname>customers_tks_languagecode</fieldname>
          <columnindex>4</columnindex>
        </field>
        <field>
          <fieldname>customers_tks_regimetype</fieldname>
          <columnindex>5</columnindex>
        </field>
        <field>
          <fieldname>customers_tks_taxcode</fieldname>
          <columnindex>6</columnindex>
        </field>
        <field>
          <fieldname>customers_tks_liabilitytype</fieldname>
          <columnindex>7</columnindex>
        </field>
        <field>
          <fieldname>customers_tks_name</fieldname>
          <columnindex>8</columnindex>
        </field>
        <field>
          <fieldname>assigned_user_id</fieldname>
          <columnindex>9</columnindex>
        </field>
      </fields>
    </customview>
  </customviews>
  <sharingaccess>
    <default>private</default>
  </sharingaccess>
  <actions>
    <action>
      <name><![CDATA[Import]]></name>
      <status>enabled</status>
    </action>
    <action>
      <name><![CDATA[Export]]></name>
      <status>enabled</status>
    </action>
    <action>
      <name><![CDATA[Merge]]></name>
      <status>enabled</status>
    </action>
  </actions>
  <crons></crons>
</module>
